"chr","start","end","width","Conc","Conc_K27Ac.BF","Conc_K27Ac.RVFV","Fold","p.value","FDR"
"NIGP01001816",3408,9107,5700,5.02104110588545,3.37294144227746,5.56102858619187,-2.18808714391441,4.97104517452269e-07,0.000471847153904738
"AaegL5_3",313522566,313528439,5874,5.81835203681296,6.44863920206837,5.16261536591683,1.28602383615154,6.95939755021737e-07,0.000471847153904738
"AaegL5_2",83729681,83736565,6885,6.27983551234693,5.52025976353785,6.62793948284629,-1.10767971930843,5.92513717356073e-05,0.0267816200244945
"AaegL5_1",75743219,75763518,20300,5.61526791466873,6.23915726365419,4.96987199939681,1.26928526425738,7.97668037709442e-05,0.0270409464783501
"AaegL5_3",20008781,20011895,3115,3.97843736009946,2.56070839325837,4.48141214470343,-1.92070375144507,0.000152684161206735,0.0355909028070413
"AaegL5_3",194493818,194509205,15388,4.3935971984458,5.0580287816534,3.68056713164483,1.37746165000856,0.000157481870827616,0.0355909028070413
"AaegL5_1",53331683,53392886,61204,7.4628987685339,7.86511566305274,7.11484264490949,0.750273018143249,0.000222637452161112,0.0425434604385849
"AaegL5_3",319668498,319671833,3336,3.71670519230046,4.46168757451245,2.85253981566883,1.60914775884362,0.000250993866894306,0.0425434604385849
"AaegL5_2",374744234,374772167,27934,6.83638791566793,6.34521698530803,7.09021793554522,-0.745000950237189,0.000329409569670606,0.0496310418303714
"AaegL5_3",40214018,40283433,69416,8.07778538652366,7.54789625732365,8.34673236077981,-0.79883610345616,0.000418539269452514,0.0567539249377609
"AaegL5_3",11128,33135,22008,4.60271470586467,5.34572938366439,3.74254300645167,1.60318637721272,0.00048989522664363,0.0587554667722887
"AaegL5_3",148210903,148242852,31950,5.04216131073078,5.61624691530757,4.47336192530445,1.14288499000311,0.000519959882940608,0.0587554667722887
"AaegL5_2",171003081,171008439,5359,5.03931894976012,4.3266931068813,5.37258352810153,-1.04589042122023,0.000629672659381916,0.0608469746486226
"AaegL5_3",218859533,218872045,12513,5.09598738917556,4.3821490406743,5.42964326470611,-1.04749422403181,0.000671587172719577,0.0608469746486226
"AaegL5_2",433046374,433049426,3053,4.37131099671069,3.17717503988044,4.83105866441575,-1.65388362453531,0.00067308600275025,0.0608469746486226
"AaegL5_2",324139227,324144142,4916,5.48966970393064,4.71309396782053,5.84299247296856,-1.12989850514804,0.000815719705673941,0.0691322450558665
"AaegL5_1",150752917,150837396,84480,7.99608256615073,8.34419974600214,7.70637486439292,0.637824881609218,0.000895966372604955,0.0714664941913129
"AaegL5_2",257447515,257452962,5448,3.34619047393058,4.16771621129191,2.31257367970718,1.85514253158473,0.00128169553503348,0.0938643570284628
"AaegL5_2",243617135,243641083,23949,7.45197455883702,6.90191178800985,7.72857809114924,-0.826666303139385,0.0013908424624222,0.0938643570284628
"AaegL5_1",171384520,171393983,9464,4.88870478439973,5.43571242153937,4.35886557524239,1.07684684629698,0.00142814399147591,0.0938643570284628
"AaegL5_1",147629716,147642386,12671,3.685631830955,4.30748996574003,3.04349399181772,1.26399597392231,0.00148146151668677,0.0938643570284628
"AaegL5_3",89581796,89591628,9833,3.81478271245245,4.42668000014861,3.18845102290432,1.23822897724429,0.00169043850948473,0.0938643570284628
"AaegL5_2",306661703,306667934,6232,5.17339069542737,4.32617390143097,5.54756324340504,-1.22138934197407,0.00186278601695342,0.0938643570284628
"NIGP01000267",811,13307,12497,4.36069670833655,4.93340006005654,3.79392979651335,1.1394702635432,0.00191864674361943,0.0938643570284628
"AaegL5_2",464435639,464441172,5534,5.16019848792904,5.82450275828839,4.44738890960637,1.37711384868202,0.00194261579072746,0.0938643570284628
"AaegL5_3",372500593,372502294,1702,4.22393265469175,3.17755885447945,4.65033437914768,-1.47277552466824,0.00194701829611962,0.0938643570284628
"NIGP01000414",36649,65940,29292,4.37772069206936,4.90196985683363,3.87929075830484,1.02267909852879,0.00199304654383543,0.0938643570284628
"AaegL5_3",257453064,257580066,127003,8.6776670920179,8.32710531779562,8.87151985831666,-0.544414540521046,0.00202613308761137,0.0938643570284628
"AaegL5_2",466151982,466155439,3458,4.05199152180695,4.66177574989235,3.42897684537888,1.23279890451347,0.00203164131345107,0.0938643570284628
"AaegL5_2",263853500,263875774,22275,7.1947849226282,6.69470194916013,7.45214471154551,-0.757442762385379,0.00212435082067406,0.0938643570284628
"AaegL5_2",72131925,72206081,74157,8.32406769409751,7.90049939297596,8.55010078779575,-0.649601394819797,0.00214586656923477,0.0938643570284628
"AaegL5_3",84743689,84768952,25264,6.39823248146421,6.74332342550419,6.11165726429546,0.631666161208733,0.00222149918909938,0.0941360281380862
"AaegL5_1",157623085,157625136,2052,3.34308599112763,3.98793252214937,2.66336200505488,1.32457051709449,0.00232489331799574,0.0955319799758249
"AaegL5_3",257603512,257697031,93520,8.21308607942728,7.8790036942794,8.39934275186798,-0.520339057588576,0.0024193773123807,0.0964904598702419
"AaegL5_3",91680207,91698964,18758,3.69153092544475,4.3266931068813,3.02783361119868,1.29885949568262,0.00263640998032743,0.102142055237828
"AaegL5_3",237783007,237795977,12971,5.44658066318307,4.85716789133251,5.73770216325603,-0.880534271923523,0.00315378839394795,0.112650382412903
"AaegL5_2",368809632,368814438,4807,5.55675470199817,4.98221829413432,5.84245125345516,-0.860232959320833,0.00320860366518102,0.112650382412903
"AaegL5_3",84420817,84441417,20601,6.57763047123172,6.01750960729617,6.85799665132802,-0.840487044031854,0.00322530070010584,0.112650382412903
"AaegL5_3",57754986,57764249,9264,4.1131176964517,3.35468751706527,4.46086708948034,-1.10617957241507,0.00331315831786227,0.112650382412903
"AaegL5_2",109134043,109143531,9489,5.26594270915066,4.62402940999923,5.57561370275613,-0.951584292756895,0.00332302013017412,0.112650382412903
"AaegL5_2",154225045,154456565,231521,9.81138218511462,9.52414988107721,9.97533371105615,-0.451183829978932,0.00356459751990592,0.116537288505123
"AaegL5_1",12410801,12418000,7200,3.03411283143614,3.98880759701977,1.61735711151583,2.37145048550394,0.00361505963893091,0.116537288505123
"AaegL5_2",253315182,253321914,6733,2.75201187145302,3.52880177037099,1.82090848884672,1.70789328152427,0.00376525740772238,0.116537288505123
"AaegL5_1",201376729,201418436,41708,5.19212350830566,5.66911240701233,4.75533282706061,0.913779579951724,0.00378144593969425,0.116537288505123
"AaegL5_2",27664434,27670957,6524,4.26288831808117,3.51212345169077,4.60825562120612,-1.09613216951535,0.00388527724214894,0.117076354230088
"AaegL5_2",125939514,125943428,3915,4.30545850614653,4.8767250737913,3.74079916174394,1.13592591204736,0.00405280656827524,0.119469689273505
"AaegL5_3",369974762,369983871,9110,6.45255392649621,5.84371894147946,6.75064443215095,-0.906925490671494,0.00428154012862744,0.121326277672879
"AaegL5_3",401297160,401299400,2241,2.37018448916567,3.15663832159298,1.41780739640141,1.73883092519157,0.00449988965584687,0.121326277672879
"AaegL5_2",266594848,266665652,70805,8.3468596060735,7.97148590196842,8.55191365903127,-0.580427757062846,0.00451213420497216,0.121326277672879
"AaegL5_1",175900602,175914004,13403,4.59744929314697,5.05771606271006,4.1813903968682,0.876325665841859,0.00461263025929545,0.121326277672879
"AaegL5_2",125569601,125578384,8784,4.41066221635557,4.90208598746981,3.95553453447813,0.946551452991675,0.00465391859377954,0.121326277672879
"AaegL5_2",142053865,142070646,16782,7.02964250893127,6.6616385699667,7.231398625684,-0.569760055717298,0.00482497106945799,0.121326277672879
"AaegL5_2",5746796,5762717,15922,5.94433842395255,5.45717998037869,6.19656925597714,-0.739389275598452,0.00486498868345882,0.121326277672879
"AaegL5_2",307757889,307775208,17320,4.18127206578464,4.73468976739634,3.64237004646636,1.09231972092998,0.00489051224347118,0.121326277672879
"AaegL5_2",300693819,300700924,7106,6.51018190772367,5.96064519498103,6.78658765199064,-0.825942457009606,0.00496131239275741,0.121326277672879
"AaegL5_1",150897212,151105322,208111,9.2218811076601,9.46849247096945,9.03042579848213,0.438066672487325,0.00509490407252616,0.121326277672879
"AaegL5_3",47999275,48005303,6029,2.87233498107017,3.56100261850202,2.11633821324209,1.44466440525994,0.00509999839775375,0.121326277672879
"AaegL5_1",308673135,308675218,2084,1.13705015894745,2.19855861728384,0,2.19855861728384,0.00547295549321119,0.127953924979213
"AaegL5_2",210957441,210961893,4453,3.15407928382573,3.86387545288944,2.35893279115722,1.50494266173222,0.0056892871311752,0.130757175421586
"AaegL5_1",218415663,218423506,7844,4.26407753932549,4.81080621079046,3.73463054290061,1.07617566788985,0.00578988772550255,0.130851462596358
"AaegL5_1",160178080,160181196,3117,4.15121023104745,3.42668000014861,4.48829781840268,-1.06161781825407,0.00616583094502132,0.137063389531949
"AaegL5_1",105594693,105599450,4758,3.77016930248603,4.30748996574003,3.25384357580816,1.05364638993187,0.00636032339275415,0.138356514346804
"AaegL5_2",216901785,216918133,16349,4.91323139229381,5.35000258894656,4.52541515462633,0.824587434320232,0.00648238570095154,0.138356514346804
"AaegL5_2",152781794,152811408,29615,5.08095202303218,5.53654562993088,4.67059160337528,0.865954026555602,0.00663535151399587,0.138356514346804
"AaegL5_1",194472984,194503046,30063,6.79497763680487,7.12320575149271,6.52561557927788,0.597590172214828,0.00674180148972466,0.138356514346804
"AaegL5_2",180591786,180641119,49334,6.88693956958562,7.24671538819837,6.58503773004357,0.661677658154793,0.00683241714850425,0.138356514346804
"AaegL5_3",363735422,363795298,59877,7.7455032351971,7.3486585632402,7.96002794817643,-0.611369384936227,0.00683619945518867,0.138356514346804
"AaegL5_1",75769900,75820695,50796,6.79157987419517,7.12587425015602,6.51607227070727,0.609801979448749,0.00752228465695763,0.15000320580639
"AaegL5_2",110972779,110983989,11211,4.14944397861978,4.71322634150842,3.5956798353654,1.11754650614302,0.00786643066911526,0.152983008656827
"AaegL5_2",267727853,267768263,40411,6.29977258964018,6.63331416876868,6.0250304535345,0.608283715234174,0.00797980685750775,0.152983008656827
"AaegL5_2",301045517,301053388,7872,4.36706965844506,4.8172397418638,3.96327166176453,0.853968080099264,0.00810264816148025,0.152983008656827
"AaegL5_3",191808172,191812379,4208,5.26932570013327,5.73115642032298,4.85135053736513,0.879805882957855,0.00816490600470792,0.152983008656827
"AaegL5_2",295056463,295061748,5286,4.71822134581234,5.16199394915023,4.32209466684711,0.839899282303115,0.008235810938015,0.152983008656827
"AaegL5_1",8288204,8387347,99144,8.02923917801675,8.30692958614039,7.80912624790103,0.497803338239354,0.00895434038778333,0.164082237376138
"AaegL5_1",153401328,153413543,12216,4.67227548758636,5.15683299298403,4.22592216308419,0.930910829899842,0.0093009901550372,0.168161902003073
"AaegL5_3",409030519,409194529,164011,9.3604723100008,9.07928620335507,9.52146632315297,-0.442180119797897,0.00945331909180254,0.168667114322161
"AaegL5_3",84302836,84358916,56081,7.84247877854978,7.40333324720116,8.07508115306338,-0.671747905862215,0.00965955777993224,0.169631540249691
"AaegL5_2",300715786,300750142,34357,8.00613769987411,7.65964384609313,8.19812713976059,-0.538483293667457,0.00975756647453973,0.169631540249691
"AaegL5_2",327510247,327580842,70596,7.66738632902677,7.95716192830234,7.43580344877742,0.521358479524917,0.0100608735787238,0.170663383478847
"AaegL5_2",190116486,190189280,72795,5.99056322640485,6.39572747402109,5.63919474108668,0.756532732934414,0.0100686361934423,0.170663383478847
"AaegL5_2",192192915,192212903,19989,6.60241230047513,6.18546962954424,6.82562045440325,-0.640150824859012,0.0102144562692554,0.170951375862178
"AaegL5_1",149059089,149066104,7016,4.16080890987185,4.646573729333,3.71291964633955,0.933654082993447,0.0103377675668869,0.170951375862178
"AaegL5_2",195954395,195969895,15501,7.91100494116649,7.50263732038256,8.13052937639008,-0.627892056007525,0.0105268481419348,0.171980796150163
"AaegL5_3",110798853,111055012,256160,10.3079498171318,10.0826307729692,10.4407189305111,-0.358088157541864,0.0110589944584745,0.1758485065838
"AaegL5_2",263568508,263570142,1635,4.81522735044128,4.21869773540705,5.10891730284656,-0.890219567439512,0.0112316019244802,0.1758485065838
"AaegL5_2",131667272,132097578,430307,10.9251386336062,10.7086968383579,11.0532687214621,-0.344571883104237,0.0114074724668169,0.1758485065838
"AaegL5_1",283973456,283980383,6928,4.24133484976976,3.66945356066119,4.52605510097013,-0.85660154030894,0.01145997243545,0.1758485065838
"AaegL5_2",424409482,424414830,5349,6.01360071767215,5.45273754118221,6.29424316566932,-0.841505624487108,0.0115295335267831,0.1758485065838
"AaegL5_2",391494811,391502377,7567,4.15370612161232,3.51212345169077,4.46326312659844,-0.951139674907668,0.0115416792669308,0.1758485065838
"AaegL5_2",216050428,216116501,66074,8.24999993914241,7.97598495511816,8.40746213929212,-0.431477184173956,0.0118277203612515,0.178204320109522
"AaegL5_3",230230969,230241189,10221,4.61932056955487,5.04649248613279,4.24275644808454,0.803736038048248,0.0120703059182511,0.179860822254379
"AaegL5_3",241928010,241935044,7035,4.87786610938678,4.37310901081687,5.13706504299251,-0.763956032175642,0.0127429312358796,0.185935917870865
"AaegL5_2",81956887,81963375,6489,3.60943093311802,4.17775072349448,3.04907796554529,1.12867275794918,0.0127522421548602,0.185935917870865
"AaegL5_3",337284429,337296609,12181,4.41690147785098,4.89543748707021,3.97816529847021,0.917272188599996,0.0130143669408477,0.187739165657335
"AaegL5_2",266928942,266935933,6992,6.11392095803418,5.73102568169269,6.32231585843406,-0.59129017674137,0.0132194207625911,0.1886898374113
"AaegL5_1",208870932,208883218,12287,5.13510320522575,5.52434849782486,4.80145613646516,0.722892361359705,0.0135961159343273,0.190641132736649
"AaegL5_2",341902632,341914866,12235,5.57469959628696,5.10236365242537,5.82096856794516,-0.71860491551979,0.0136373081677397,0.190641132736649
"AaegL5_3",198325189,198329788,4600,4.1613900643791,4.63134991788934,3.73337950174444,0.897970416144894,0.0139142995313206,0.192528471066029
"AaegL5_3",240189708,240209192,19485,7.58936887125213,7.22282630380064,7.79046812719464,-0.567641823394003,0.0141714811007116,0.193178111285703
"AaegL5_2",387285052,387301847,16796,5.55313040935027,5.09168705324264,5.7949630262275,-0.703275972984865,0.0143545659596705,0.193178111285703
"AaegL5_3",164835320,164844932,9613,4.88074694348916,5.32200303440319,4.48761744421173,0.834385590191465,0.0144837002482719,0.193178111285703
"AaegL5_3",10783254,10795770,12517,6.32421675427956,5.98809663912331,6.51141959552357,-0.523322956400254,0.0147908140725866,0.193178111285703
"AaegL5_3",402502783,402508749,5967,3.78568854104088,4.30766531105695,3.2903307764581,1.01733453459885,0.0148158766798602,0.193178111285703
"AaegL5_2",246639832,246651514,11683,5.73993097487358,5.33128174039556,5.95957688526205,-0.628295144866494,0.0148160203345967,0.193178111285703
"AaegL5_2",398832701,398855012,22312,6.51667747192769,6.01734880256718,6.77373968303018,-0.756390880463,0.0155152022101185,0.199510966604023
"AaegL5_2",465614098,465617668,3571,4.44522024834558,3.8764886836844,4.72877913783945,-0.852290454155042,0.0155959900147688,0.199510966604023
"AaegL5_2",249941922,249946808,4887,2.75587115444679,3.35400850909323,2.15091799942806,1.20309050966516,0.0157445610454521,0.19952920352928
"AaegL5_2",215037579,215040543,2965,3.57689705755488,2.74121140070981,3.94775568939422,-1.2065442886844,0.0160705708639038,0.201019003241992
"AaegL5_3",8037819,8070139,32321,6.35809218316622,6.66705966277333,6.10790299536373,0.559156667409605,0.0162095368320512,0.201019003241992
"AaegL5_1",85771523,85800831,29309,6.52900137476621,6.81399570347545,6.30197876474383,0.51201693873162,0.0163068512954418,0.201019003241992
"AaegL5_2",141530365,141546915,16551,6.28475292511667,5.91765567321188,6.48610161554042,-0.56844594232854,0.0169443885020751,0.206996313592917
"AaegL5_2",317860002,317870893,10892,3.50608608684216,3.99972769615202,3.04810382359874,0.951623872553275,0.0172935441437955,0.209375409455239
"AaegL5_2",141589824,141593477,3654,3.88755149747855,3.17755885447945,4.21996479529284,-1.04240594081339,0.0177102633499503,0.212523160199404
"AaegL5_2",422906094,422928778,22685,6.19614543483386,5.58055151707901,6.49663144810322,-0.916079931024207,0.0182414174694866,0.216976860426525
"AaegL5_3",211149655,211157463,7809,3.73888365438239,4.26901998489525,3.23244129651617,1.03657868837908,0.0191446299347208,0.224081663848047
"AaegL5_2",158007426,158035556,28131,5.94455345772401,5.50777095187848,6.17616576289771,-0.668394811019235,0.0193107063783263,0.224081663848047
"NIGP01001587",19797,26908,7112,3.41168347455846,4.06957696130862,2.70990822659298,1.35966873471564,0.0194905822465794,0.224081663848047
"AaegL5_3",243908715,243912234,3520,4.53483375818249,4.02345971009439,4.79662214162627,-0.773162431531877,0.0195589516034508,0.224081663848047
"AaegL5_1",154680486,155043386,362901,10.1797119998551,10.396879327002,10.0143434835617,0.382535843440269,0.0197373020768746,0.224081663848047
"AaegL5_3",166544626,166592952,48327,8.62887143063646,8.37518611415784,8.77617716149151,-0.400991047333665,0.0198302357387652,0.224081663848047
"AaegL5_3",319330433,319345306,14874,4.96238824049918,4.5204867121712,5.19614243093847,-0.675655718767261,0.0201421680171617,0.224416235231346
"AaegL5_2",111677389,111715181,37793,6.70781633767702,6.30304479738602,6.92578660088811,-0.622741803502089,0.0203496961877896,0.224416235231346
"AaegL5_2",250783289,251136742,353454,10.8456565857542,10.5431628459933,11.0169918683684,-0.473829022375124,0.0203908188336364,0.224416235231346
"AaegL5_3",257703486,257751586,48101,7.13681841631,6.77804668265585,7.33440855916152,-0.55636187650567,0.0207979077706404,0.224416235231346
"AaegL5_2",274987402,274995107,7706,5.05393662641501,4.59264432340435,5.29570738993778,-0.703063066533431,0.0212746157464901,0.224416235231346
"AaegL5_2",1406749,1412197,5449,2.15500767794402,2.85042899839944,1.38667391933248,1.46375507906696,0.0213450198179114,0.224416235231346
"AaegL5_3",166077218,166101917,24700,5.67917112318495,5.98502341909876,5.43203535763675,0.552988061462019,0.0214062499170556,0.224416235231346
"AaegL5_3",374204253,374208358,4106,3.35206204436747,3.8764886836844,2.85339169380179,1.02309698988261,0.0214765708094863,0.224416235231346
"AaegL5_3",135873555,135921705,48151,5.08703344231864,5.61653003028323,4.58146551907624,1.03506451120699,0.0215347646363306,0.224416235231346
"NIGP01001641",44316,48222,3907,3.47200195474588,4.01185775283525,2.95216062651948,1.05969712631577,0.0217205047781621,0.224416235231346
"AaegL5_3",337112591,337138751,26161,7.27255873849506,6.99242156087259,7.43303778303295,-0.440616222160361,0.0220304709429918,0.224416235231346
"AaegL5_2",48259570,48272244,12675,5.72845720304335,6.07206259952775,5.44341480690669,0.628647792621068,0.0220754641022455,0.224416235231346
"AaegL5_3",15901345,15905329,3985,4.96296563819776,4.5204867121712,5.19696074593581,-0.676474033764603,0.0220771363261319,0.224416235231346
"AaegL5_3",192615195,192618499,3305,2.73876314955275,1.71282918400154,3.16021194708894,-1.4473827630874,0.0223636542687001,0.224416235231346
"AaegL5_3",163477173,163481932,4760,3.67722380937711,2.90162140882652,4.0302499388015,-1.12862852997498,0.0223760857971334,0.224416235231346
"AaegL5_3",206845714,206854780,9067,4.11678329529094,4.59293210779071,3.68104705556904,0.911885052221668,0.0226484937811181,0.224416235231346
"AaegL5_3",218724085,218764624,40540,7.2614723402175,6.99545186647712,7.41496615311543,-0.419514286638313,0.022673321701102,0.224416235231346
"AaegL5_2",374590777,374613108,22332,3.90620426749289,4.34513156788597,3.5158381938509,0.829293374035072,0.0229024588398641,0.225041552078665
"AaegL5_3",22110015,22116976,6962,3.03304033446953,3.57683747223903,2.5077039338023,1.06913353843673,0.0234792593618947,0.229038329203668
"AaegL5_2",153189805,153203457,13653,3.95009263822166,4.40006091837761,3.54653777233193,0.853523146045676,0.0237311141942985,0.229038329203668
"AaegL5_2",396206673,396212956,6284,4.23310170228674,4.72050415873285,3.78312436889906,0.937379789833793,0.0238159324614434,0.229038329203668
"AaegL5_1",278678928,278703513,24586,6.27968174138001,5.89549581706648,6.48864738440626,-0.593151567339778,0.0261759379710501,0.249961773864393
"AaegL5_2",103564368,103644663,80296,8.36729981121428,8.08523110242861,8.52872670309272,-0.443495600664113,0.026788418213007,0.251802127415919
"AaegL5_3",198723730,198781342,57613,6.90326708712555,7.18024848403446,6.68382128391094,0.496427200123518,0.0270763766979875,0.251802127415919
"AaegL5_2",21201155,21208357,7203,3.41726476181353,3.8762522548379,3.00276989712257,0.873482357715329,0.0271473230856032,0.251802127415919
"AaegL5_2",306816007,306892630,76624,8.87308160799979,8.56985800268778,9.04476711976499,-0.474909117077209,0.0273539531846904,0.251802127415919
"AaegL5_3",299750699,299762917,12219,5.03789187925492,4.4783327761318,5.31804885803451,-0.839716081902706,0.027428987266077,0.251802127415919
"AaegL5_1",142681959,142685705,3747,3.13345615401953,3.69869334526063,2.57758497644008,1.12110836882054,0.0274828280660443,0.251802127415919
"AaegL5_2",214690268,214701370,11103,6.4536648789807,6.12980578654019,6.63514493581113,-0.505339149270936,0.0277184630748386,0.252256616976384
"AaegL5_2",263687345,263748937,61593,7.99735472643977,7.64457540491799,8.19222002853061,-0.547644623612619,0.0280870154397597,0.253906619575427
"AaegL5_3",334911143,334926197,15055,6.23523773431664,5.88940268236478,6.42692468588635,-0.537522003521571,0.0284847040462961,0.254594720873049
"AaegL5_2",233815001,233821507,6507,4.13592075145556,4.59293210779071,3.72383584725541,0.869096260535295,0.0286364438298376,0.254594720873049
"AaegL5_3",373232744,373243567,10824,4.57721045787637,4.04638741716818,4.84651515477928,-0.8001277376111,0.0287263954967379,0.254594720873049
"AaegL5_3",225992641,226073195,80555,8.55302884443357,8.29007432183081,8.70499199460435,-0.414917672773534,0.0291945787687601,0.256076560330189
"AaegL5_2",263670096,263680016,9921,6.16053640808853,5.78673999014869,6.36488668185533,-0.578146691706647,0.0292712882383329,0.256076560330189
"AaegL5_2",461774919,461787272,12354,5.40680637580531,5.78016868758236,5.09043603922289,0.689732648359472,0.0295450224150408,0.256814425607662
"AaegL5_1",249139905,249190606,50702,7.9318965994157,8.16399719489525,7.75342302330179,0.410574171593464,0.0298787114780482,0.258060718243524
"AaegL5_2",229955782,230233430,277649,10.3038219980239,10.4839829490498,10.1698618909835,0.314121058066231,0.0302380250540461,0.259511151729661
"AaegL5_3",107274513,107283617,9105,2.91711833554345,3.44405071057692,2.41504612822591,1.02900458235101,0.0305327312647939,0.260392349654469
"AaegL5_3",22021145,22045423,24279,6.08585951947413,5.60820868306296,6.33427611677007,-0.726067433707111,0.0310378853251432,0.263046078130588
"AaegL5_2",78691497,78788268,96772,9.06984541453353,8.84143684619147,9.20421887609058,-0.36278202989911,0.0312567519804192,0.263255625375456
"AaegL5_3",129803137,129874938,71802,8.76277383486896,8.50165821345339,8.91381657826186,-0.412158364808473,0.0315354974550116,0.263632173064441
"AaegL5_1",288563694,288616728,53035,9.81566919072178,9.46900329102301,10.0077375921664,-0.538734301143375,0.0316902980896047,0.263632173064441
"AaegL5_2",153168681,153177751,9071,3.2670450427289,3.81080621079046,2.74175895433372,1.06904725645674,0.0321959537067849,0.264970248721116
"AaegL5_3",331734465,331742920,8456,4.52552086019647,4.98826073742989,4.10642960429357,0.881831133136314,0.0322419550434986,0.264970248721116
"AaegL5_3",81675740,81717316,41577,7.56484846705858,7.20602619142175,7.76246152219212,-0.556435330770361,0.0328918888510936,0.268271853034619
"AaegL5_2",246660450,246672407,11958,4.14946384849379,3.60827986249204,4.42271577940962,-0.814435916917586,0.0331292415188392,0.268271853034619
"AaegL5_2",72206645,72219773,13129,5.7382977376234,5.27379545988362,5.98138096291805,-0.707585503034435,0.0332372207299528,0.268271853034619
"AaegL5_2",191773458,191806075,32618,6.49935339929241,6.15390427117279,6.69086306060639,-0.536958789433597,0.0343781069005347,0.270615191333821
"AaegL5_1",32976490,32985485,8996,2.10930489289009,2.76955529430908,1.40348838670549,1.36606690760359,0.0344490772079133,0.270615191333821
"AaegL5_3",130472275,130837061,364787,10.6894239592013,10.5219219244469,10.7911788989899,-0.269256974542991,0.0345200268290865,0.270615191333821
"AaegL5_2",438483792,438500262,16471,7.01883367413109,6.71680382094094,7.1899462224251,-0.47314240148416,0.0346185744265769,0.270615191333821
"AaegL5_2",312321747,312325364,3618,3.58871320002746,2.92700877620077,3.90514394159698,-0.97813516539621,0.0346635586174379,0.270615191333821
"AaegL5_3",168999287,169065990,66704,8.94357313957339,8.60929593549145,9.12992035593315,-0.520624420441701,0.0347249581800036,0.270615191333821
"AaegL5_1",283157429,283161309,3881,2.08330197859756,2.71282918400154,1.42879992090877,1.28402926309278,0.0360684074689827,0.276733637405913
"AaegL5_2",42730838,42743032,12195,5.20227885967812,5.54908552821775,4.9139293220602,0.635156206157548,0.0360884402362423,0.276733637405913
"AaegL5_2",424511528,424516925,5398,4.24894370233466,3.6836071768955,4.53124688389285,-0.84763970699735,0.0368656793261885,0.276733637405913
"AaegL5_2",78337190,78366943,29754,6.6464573094988,6.32408997517652,6.827236209787,-0.50314623461048,0.0369812134981616,0.276733637405913
"AaegL5_2",229728827,229755248,26422,6.07451243223525,6.35000258894656,5.8564677011263,0.493534887820254,0.0372695843527453,0.276733637405913
"AaegL5_3",239724155,240183320,459166,10.9667449250869,10.7330289609986,11.1038622992622,-0.370833338263617,0.0374408091427616,0.276733637405913
"AaegL5_3",277485430,277497278,11849,5.5023123934471,5.11898141896586,5.7109000480147,-0.59191862904884,0.0374449274219811,0.276733637405913
"AaegL5_2",100550335,100554390,4056,4.84245352579515,4.40893414685489,5.0726948437757,-0.663760696920813,0.0376225911594436,0.276733637405913
"AaegL5_1",64035222,64044645,9424,3.1991377166137,3.69842590495439,2.73384217765542,0.964583727298966,0.0376973526836454,0.276733637405913
"AaegL5_3",195080980,195089761,8782,2.94062349533946,3.57741932258404,2.27424261634984,1.30317670623421,0.037710428426486,0.276733637405913
"AaegL5_2",438527483,438535267,7785,4.03413659942913,3.52880177037099,4.29356227884118,-0.764760508470194,0.037754957905674,0.276733637405913
"AaegL5_2",229666724,229695168,28445,6.50426796706839,6.76780002201461,6.29735756877768,0.470442453236932,0.0383083083945537,0.276937605680599
"AaegL5_3",84491483,84497607,6125,3.22841887013791,3.6836071768955,2.81855074900085,0.865056427894655,0.0384026408611802,0.276937605680599
"AaegL5_1",169754005,169764825,10821,4.34476710740875,3.78326895065292,4.62564572251699,-0.842376771864069,0.0385073541220723,0.276937605680599
"AaegL5_2",385440315,385443047,2733,2.49056017988294,3.09158522481342,1.88116348537187,1.21042173944155,0.0385997105262782,0.276937605680599
"AaegL5_3",160642375,160656979,14605,5.37402907769339,5.66904416660079,5.13741480483499,0.5316293617658,0.0388582650754835,0.277325302328188
"AaegL5_3",318521855,318525173,3319,3.50800083097607,2.85042899839944,3.82303032060848,-0.972601322209043,0.0391078576158439,0.277645313754368
"AaegL5_2",436189534,436223021,33488,7.4006930080925,7.07475003186591,7.58315075050786,-0.508400718641957,0.0396186079727437,0.279806418807503
"AaegL5_2",417090212,417095230,5019,3.59801463392177,4.24975842421585,2.90670013420887,1.34305829000699,0.0408552880914314,0.283011447352661
"AaegL5_1",233154348,233172905,18558,7.53082289647749,7.19060064136412,7.71992454194952,-0.529323900585397,0.0408574586517977,0.283011447352661
"AaegL5_1",160126778,160130631,3854,5.28645125320682,4.8764886836844,5.50666322783988,-0.630174544155476,0.0408836730822105,0.283011447352661
"AaegL5_3",73999226,74004551,5326,4.63397354422721,4.99395112961686,4.33185888802615,0.66209224159071,0.0409357641682755,0.283011447352661
"AaegL5_2",371115889,371126961,11073,6.77857435596371,6.43784156843958,6.96791176536483,-0.530070196925252,0.0411159698587569,0.283011447352661
"AaegL5_3",226079846,226168824,88979,8.62595141960205,8.37118748358618,8.77380143052087,-0.402613946934695,0.0416047594736377,0.284484695143198
"AaegL5_1",29317296,29325430,8135,5.43426807094958,5.79045365698891,5.13614288635387,0.654310770635035,0.0418646442284491,0.284484695143198
"NIGP01000304",3037,138257,135221,8.01040422504967,8.22279143689668,7.84917722231066,0.373614214586014,0.0419593945638935,0.284484695143198
"AaegL5_3",736692,750288,13597,6.14368007874119,5.79691593232303,6.33579356497471,-0.538877632651682,0.0427923480673027,0.288688676513743
"AaegL5_1",15496755,15502431,5677,1.68616114579471,2.46184514640131,0.757463357958686,1.70438178844263,0.0432360212945905,0.290237845918142
"AaegL5_2",69435330,69439994,4665,3.49506811249665,3.92700877620077,3.11293447211814,0.814074304082633,0.0435840722585338,0.291133014692472
"AaegL5_3",368306685,368327139,20455,6.97388859850058,6.66531191105781,7.14813481678078,-0.482822905722974,0.0440587043076797,0.292860799221636
"AaegL5_2",32735099,32747744,12646,4.49779286440151,4.05792454953711,4.73069761428522,-0.672773064748109,0.0447108651582037,0.295746015387923
"AaegL5_2",374980955,374984926,3972,6.55152225166476,6.08303853756002,6.79622766331631,-0.713189125756283,0.0452719256105105,0.298003549164331
"AaegL5_3",275518083,275527398,9316,1.52018056035742,2.23892741849342,0.707945108604103,1.53098230988932,0.0455657209187471,0.29848849065614
"AaegL5_2",271796220,271814651,18432,4.62704238139297,5.06365870104751,4.23940898337657,0.82424971767094,0.0459425407326337,0.299510025160824
"AaegL5_2",388433427,388438182,4756,3.45888913659969,2.79685347719948,3.77543195890252,-0.978578481703047,0.0475007216164339,0.306739785611655
"AaegL5_1",288769420,288810735,41316,8.38905169435247,8.19776507777716,8.50379690240542,-0.306031824628258,0.0478858118485166,0.306739785611655
"AaegL5_1",224304807,224309228,4422,5.41455532115415,4.95768048799929,5.65451317080963,-0.696832682810343,0.0479559974078731,0.306739785611655
"AaegL5_3",252413504,252422785,9282,4.38067391915739,4.76277717488388,4.0548447722919,0.707932402591978,0.048113755557641,0.306739785611655
"AaegL5_1",278632411,278634380,1970,3.69370665295528,3.13540995044482,3.97339310202233,-0.837983151577507,0.0481825769434236,0.306739785611655
"AaegL5_3",173367857,173402957,35101,6.85213969726927,7.09438902831728,6.664612836123,0.429776192194286,0.0485810336212233,0.307613230107517
"AaegL5_3",96953602,96957368,3767,3.8206449450734,4.22894062165317,3.46574142465909,0.763199196994072,0.0487734841247169,0.307613230107517
"AaegL5_2",391001112,391024556,23445,6.61673431194761,6.30748996574003,6.79129892850195,-0.483808962761921,0.0504795774550724,0.315299167883268
"AaegL5_3",177817759,177821050,3292,2.59947948032625,1.71282918400154,2.98473123832282,-1.27190205432128,0.0507828339926899,0.315299167883268
"AaegL5_2",77983967,78242995,259029,10.1245984435241,9.81158152879189,10.3009580704389,-0.489376541646987,0.0512024387786326,0.315299167883268
"AaegL5_2",61663078,61693733,30656,6.71754863192777,6.97601253671316,6.51530386539354,0.460708671319622,0.0512129314384813,0.315299167883268
"NIGP01000675",41924,50507,8584,5.41158995301412,4.94553501381009,5.65530654036588,-0.709771526555793,0.0513632389106838,0.315299167883268
"AaegL5_3",201814852,201818824,3973,4.06715329323545,4.5040175075117,3.67922722327151,0.824790284240189,0.0517540130303793,0.315299167883268
"AaegL5_1",258804306,258825815,21510,7.13297005617256,6.88625838497323,7.27674200220952,-0.390483617236289,0.0517698510431759,0.315299167883268
"AaegL5_2",84288516,84293020,4505,3.072042177085,2.19780198296077,3.45384892023562,-1.25604693727485,0.0520144675512468,0.315299167883268
"AaegL5_3",210830895,210835144,4250,3.7003426817646,4.09138154639067,3.36471952067482,0.726662025715849,0.0520848182934012,0.315299167883268
"AaegL5_3",171672592,171676686,4095,2.1196667359819,2.79735304250014,1.38338639605841,1.41396664644173,0.0526758497148921,0.317459787615083
"AaegL5_1",217122761,217153765,31005,7.17321464812376,6.92557790705955,7.31745684110522,-0.391878934045666,0.0529602358017097,0.317761414810258
"AaegL5_2",228358032,228379305,21274,5.82348970091637,6.09138154639067,5.61254047055439,0.478841075836275,0.0545099865789522,0.323821270016957
"AaegL5_1",168350737,168369351,18615,7.23551098834001,6.98645132165279,7.38047561956934,-0.394024297916545,0.0545117600438947,0.323821270016957
"AaegL5_1",105683492,105693916,10425,4.42917584002692,4.81687021376817,4.09723336188781,0.719636851880363,0.0546866304084684,0.323821270016957
"AaegL5_2",7377593,7389915,12323,4.65300049331093,4.97592979034618,4.38896419003199,0.586965600314188,0.0556293317542094,0.325892417692171
"AaegL5_3",79103939,79111401,7463,4.29118128371829,3.83734194404334,4.52988882929153,-0.692546885248183,0.0557892053421674,0.325892417692171
"AaegL5_2",300651139,300684741,33603,7.75269010319701,7.48053608744763,7.90923147461761,-0.428695387169983,0.0561671364595823,0.325892417692171
"AaegL5_3",1702646,1748106,45461,6.75209581388804,7.02062144014799,6.54055749929633,0.480063940851657,0.0562613658343534,0.325892417692171
"AaegL5_2",350511274,350516425,5152,2.61945232633782,3.21925708940852,2.01193614081634,1.20732094859218,0.056661178969936,0.325892417692171
"AaegL5_2",372580363,372600442,20080,5.32375767844609,5.000053239254,5.50516509462062,-0.505111855366617,0.056689305283632,0.325892417692171
"AaegL5_2",402298030,402309221,11192,4.50918042229512,4.83050958283004,4.24674470226956,0.58376488056047,0.0567187393623543,0.325892417692171
"AaegL5_3",84399098,84414141,15044,6.8067762623563,6.4110623510453,7.02080725226535,-0.609744901220052,0.0576294205658769,0.329314300734612
"AaegL5_1",305936248,305951575,15328,5.46824889331,5.05782030988969,5.68866154874297,-0.630841238853282,0.057800002636311,0.329314300734612
"AaegL5_1",234710324,234925440,215117,9.86605103147141,9.65476934050896,9.99146451444114,-0.336695173932187,0.0588246343455052,0.333749808253159
"AaegL5_3",336456172,336620302,164131,9.00503334489433,8.73352991789629,9.16125237827309,-0.42772246037679,0.0594808366132512,0.335803648005554
"AaegL5_3",219008315,219017146,8832,4.56973372729074,4.12447840880625,4.80488536984779,-0.680406961041538,0.0598962009685246,0.335803648005554
"AaegL5_2",306220777,306287213,66437,8.06794901888392,7.79102004724603,8.22684953346032,-0.435829486214289,0.0599457087423615,0.335803648005554
"AaegL5_2",137841720,137849206,7487,3.21822205581728,2.52850090351207,3.54401242345436,-1.01551151994228,0.060364393653772,0.335803648005554
"AaegL5_1",271676317,271728042,51726,6.11298657848043,6.3615176061071,5.91979524626778,0.441722359839325,0.0604248452163385,0.335803648005554
"AaegL5_2",424458504,424463872,5369,5.12550328409675,4.74847892843938,5.33129266128012,-0.582813732840739,0.0614459222438939,0.338296067754172
"AaegL5_3",212288452,212293986,5535,3.56252101239235,4.0919924954138,3.05698738523186,1.03500511018194,0.0615924171428192,0.338296067754172
"AaegL5_2",210325691,210344639,18949,6.73179635292543,6.43976760033803,6.89808099153441,-0.458313391196383,0.0616217763534518,0.338296067754172
"AaegL5_1",280276257,280286945,10689,4.96388103182501,4.45249967990477,5.22567226440303,-0.773172584498269,0.0629266569430542,0.344066721027345
"AaegL5_2",246379361,246398638,19278,5.78551501165063,6.03491615501185,5.5915353512331,0.443380803778753,0.0639646136521695,0.344159400356369
"AaegL5_1",150179241,150191041,11801,4.41533806448774,4.76955529430908,4.1192752799552,0.65028001435388,0.064064381722442,0.344159400356369
"AaegL5_3",38573929,38582112,8184,3.06266486377335,2.27819731843752,3.41838317634572,-1.1401858579082,0.06429706958962,0.344159400356369
"AaegL5_2",225057854,225168795,110942,8.18690899936013,7.92001397635647,8.3408385341943,-0.420824557837827,0.0643061115643416,0.344159400356369
"AaegL5_2",390913007,390924036,11030,6.12209655339483,5.76245739319133,6.32007976644632,-0.557622373254997,0.0643344859558685,0.344159400356369
"AaegL5_2",304632138,304717913,85776,8.6366422291778,8.38762528974117,8.78158518285446,-0.393959893113296,0.0645911764344597,0.344159400356369
"AaegL5_1",151663579,151673402,9824,3.32874955381512,2.79735304250014,3.59827375252653,-0.800920710026391,0.0649324915703806,0.344159400356369
"AaegL5_2",25483006,25950407,467402,11.424572338216,11.1754236986323,11.5695821064933,-0.394158407860939,0.0649740460849783,0.344159400356369
"AaegL5_3",237699889,237707605,7717,3.72565581332628,3.25942134968617,3.96944557045961,-0.710024220773441,0.065318883258486,0.344639710889132
"AaegL5_2",82358648,82730757,372110,10.518068596699,10.3584302734864,10.6154551266271,-0.257024853140768,0.0656472331931506,0.345029644224466
"AaegL5_1",273785099,273791387,6289,2.97818285700473,3.60884917153383,2.32182959026672,1.28701958126711,0.0666684179578044,0.347776642436555
"AaegL5_3",61062166,61072681,10516,5.39323871049901,5.05782030988969,5.58011594908358,-0.522295639193892,0.0668247294314849,0.347776642436555
"AaegL5_3",372488114,372493366,5253,3.76816823949037,3.29814471901647,4.0134993388326,-0.715354619816124,0.0670084492565706,0.347776642436555
"AaegL5_2",141764404,141802562,38159,7.59228783500753,7.78503699969851,7.44781026784855,0.337226731849952,0.0676037197833791,0.347776642436555
"AaegL5_3",188683930,188716362,32433,6.57947383618348,6.79359451944329,6.41674790451492,0.37684661492837,0.0679220770473462,0.347776642436555
"AaegL5_1",68256995,68261827,4833,6.94581709071291,6.59073194982996,7.14173283324379,-0.55100088341383,0.0679328274014237,0.347776642436555
"AaegL5_3",197233188,197238160,4973,5.69991072962681,5.36359036976267,5.88720644393245,-0.523616074169779,0.0680812308914137,0.347776642436555
"AaegL5_2",111025345,111033874,8530,6.25725301486929,6.49335820531528,6.07522148100926,0.418136724306026,0.0682489989117438,0.347776642436555
"AaegL5_2",55212594,55220536,7943,4.53835145633082,4.1673297688514,4.74146095092588,-0.574131182074474,0.0684781441965783,0.347776642436555
"AaegL5_3",114000520,114079362,78843,7.95459526342208,8.13123363782475,7.82354829005652,0.307685347768233,0.0689209803262931,0.34871958702408
"AaegL5_3",243890259,243901053,10795,5.43235113334475,5.09138154639067,5.62179785535736,-0.530416308966692,0.0697223045911534,0.350762127762071
"AaegL5_3",85157519,85340661,183143,9.283240919774,9.00268179031649,9.44392718743861,-0.441245397122113,0.069842016589793,0.350762127762071
"AaegL5_1",147747938,147759589,11652,4.20769088690335,4.57698295682659,3.8956845997805,0.681298357046093,0.0709449175502929,0.354986377115119
"AaegL5_2",123376809,123409681,32873,6.56120709797587,6.81411913570257,6.36403732471229,0.450081810990279,0.071808811494321,0.357988045537865
"AaegL5_3",199255596,199304607,49012,6.78390078916996,7.0336414552885,6.58961327390818,0.444028181380319,0.0722297735841126,0.358249533550752
"NIGP01000637",1021,51737,50717,9.62278663527712,9.4496648788353,9.72764082769078,-0.277975948855479,0.0724452385280265,0.358249533550752
"AaegL5_1",224328210,224335526,7317,5.15349566659398,4.71984550062611,5.38379201888914,-0.663946518263029,0.0728492240123139,0.358249533550752
"AaegL5_3",68788968,68793779,4812,5.75341477585153,5.40885241993574,5.94451679890093,-0.535664378965191,0.0729180466519229,0.358249533550752
"AaegL5_2",330793238,330801204,7967,5.21625534527197,5.54506640030658,4.94630498386503,0.598761416441554,0.073511824140757,0.359862936948976
"AaegL5_3",88749070,89119682,370613,10.9813824758652,10.8138585255372,11.0831495384286,-0.269291012891411,0.0742921757298492,0.362095799953251
"AaegL5_2",238656839,238673981,17143,6.31603052495909,6.03777932028179,6.47558225090764,-0.437802930625852,0.0748235367852498,0.362095799953251
"AaegL5_3",291057780,291115733,57954,8.08881876266557,7.84630676895009,8.23045012696066,-0.384143358010565,0.0750207168398866,0.362095799953251
"AaegL5_3",161465196,161468885,3690,3.13231566166935,3.59278822277332,2.71600487856188,0.876783344211445,0.0754354195404436,0.362095799953251
"AaegL5_3",96406626,96423969,17344,6.4112784407067,6.17505642895363,6.54968612689544,-0.374629697941807,0.0755229386616407,0.362095799953251
"AaegL5_3",373250512,373256459,5948,5.68552018905738,5.33585582556968,5.87896255120434,-0.543106725634662,0.075570141140686,0.362095799953251
"AaegL5_2",275204807,275271778,66972,8.68177899007616,8.37958160567372,8.85297199041594,-0.473390384742222,0.0763203484122799,0.36312457303512
"AaegL5_2",403555853,403560299,4447,4.29852711498402,3.83709901145069,4.54035348663808,-0.703254475187392,0.0764786553445994,0.36312457303512
"AaegL5_3",180105034,180108744,3711,2.82872256259139,2.02303262298111,3.19079894460126,-1.16776632162015,0.0765882211563748,0.36312457303512
"AaegL5_1",78142461,78162397,19937,4.91455374153397,5.21888421083855,4.66890489408513,0.549979316753414,0.0772368660382788,0.364516584826247
"AaegL5_2",275300272,275308757,8486,5.1988227450298,4.86351768039688,5.38564737282051,-0.522129692423631,0.0776512624293223,0.364516584826247
"AaegL5_2",282182460,282199229,16770,6.97673278193944,6.73808438142855,7.11638653579669,-0.378302154368143,0.0779534738383391,0.364516584826247
"AaegL5_2",217664984,217668068,3085,1.45692434295987,2.11346340423323,0.757463357958686,1.35600004627454,0.078385507997024,0.364516584826247
"AaegL5_3",253015761,253040720,24960,6.11136145626464,5.85704808795767,6.25898418156406,-0.401936093606398,0.078413953312824,0.364516584826247
"AaegL5_2",81492275,81496288,4014,2.88146099354003,3.39129824662106,2.40232463911031,0.988973607510745,0.0786391301654727,0.364516584826247
"AaegL5_2",414641382,414645152,3771,1.98142201410748,2.68441762882541,1.1990557236088,1.48536190521661,0.0790535488855555,0.364516584826247
"AaegL5_3",206283794,206300517,16724,4.98198587958848,5.25377917596866,4.76740240032709,0.48637677564157,0.0793438016344406,0.364516584826247
"AaegL5_3",79287927,79304224,16298,4.22745691989193,4.63905158163601,3.8688114778314,0.770240103804617,0.0794621536015213,0.364516584826247
"AaegL5_3",191094235,191132447,38213,7.13350819177229,7.32300351269101,6.99176538607944,0.331238126611567,0.0796694376055807,0.364516584826247
"AaegL5_2",289405940,289771589,365650,10.6841362780867,10.4749251631052,10.8084554999877,-0.333530336882511,0.0798388095084037,0.364516584826247
"AaegL5_2",13756660,13829134,72475,7.97439730086948,7.76439484779152,8.0991350137348,-0.33474016594328,0.0803198837509347,0.365482424047878
"AaegL5_3",223120240,223129045,8806,4.26430128081784,4.59264432340435,3.99482327575475,0.597821047649605,0.0808592474947382,0.366706152517943
"AaegL5_2",232385251,232391976,6726,2.93231219944917,3.40909758680532,2.49577708436085,0.913320502444479,0.0821436883494566,0.369973749821766
"AaegL5_2",259103843,259110500,6658,3.65365723139774,4.0917888744851,3.26423308084414,0.827555793640955,0.0826288681178177,0.369973749821766
"AaegL5_1",229850673,229861497,10825,5.30828363734099,5.59271627488296,5.08179482158622,0.510921453296748,0.0828150959472511,0.369973749821766
"AaegL5_2",275148530,275193588,45059,7.01544943139868,6.76444275518537,7.16140084669639,-0.396958091511027,0.0831101100824773,0.369973749821766
"AaegL5_1",14583149,14737237,154089,8.38826262508829,8.55098907081351,8.26859487089083,0.282394199922685,0.0832000600227794,0.369973749821766
"AaegL5_3",81836094,81923187,87094,8.11091823805118,8.31004661486335,7.96104601944349,0.349000595419855,0.0832168095100579,0.369973749821766
"AaegL5_2",275051912,275140389,88478,8.62713233207596,8.38089714277452,8.77066188734876,-0.389764744574235,0.0841509857921079,0.371266865249019
"AaegL5_2",266679574,266816976,137403,9.33936932362884,9.13243118261201,9.46248455260656,-0.330053369994545,0.0842839040128617,0.371266865249019
"AaegL5_2",109076362,109079058,2697,3.96437843695049,4.36401197811707,3.61921381318461,0.744798164932463,0.0846781687046685,0.371266865249019
"AaegL5_3",187760817,187787122,26306,5.81933348750959,6.09449065904733,5.60160122421706,0.492889434830277,0.0847313943018124,0.371266865249019
"NIGP01002190",10340,20788,10449,2.37828459948985,2.95195711203272,1.81009313142378,1.14186398060894,0.0851199315847835,0.371266865249019
"AaegL5_3",226189342,226422462,233121,10.2411504624154,10.0393774586606,10.361518900025,-0.322141441364439,0.085210586569921,0.371266865249019
"AaegL5_2",361047055,361053751,6697,2.86100506594519,3.2977916847227,2.47317061938373,0.82462106533897,0.085550654258617,0.371266865249019
"AaegL5_1",250535156,250549532,14377,7.01347100440705,6.6689076760935,7.20457347465607,-0.535665798562571,0.0858569427448861,0.371266865249019
"AaegL5_3",129395991,129407571,11581,4.61953600392348,4.92093294963563,4.37674466124972,0.544188288385905,0.0861618425433316,0.371266865249019
"AaegL5_1",176839993,176911721,71729,8.62901541097907,8.36427669331461,8.78186990591987,-0.417593212605263,0.0862456213520951,0.371266865249019
"AaegL5_2",310815638,310819553,3916,2.95063271931342,3.40909758680532,2.53677592568756,0.872321661117762,0.087040499348113,0.371331652407458
"AaegL5_3",118412494,118420459,7966,2.46232625966897,2.97604011778087,1.97804438984729,0.997995727933574,0.0871476374375523,0.371331652407458
"AaegL5_1",257156950,257175470,18521,6.85735864275792,6.64476626790028,6.98346355859433,-0.338697290694057,0.0873057828811774,0.371331652407458
"AaegL5_2",42819353,42852129,32777,7.02477604099287,6.76977805038563,7.17274407691962,-0.402966026533985,0.0874086563777251,0.371331652407458
"AaegL5_1",152381334,152392180,10847,3.57174203907587,3.96404886672851,3.23471876211034,0.729330104618165,0.0876298884737363,0.371331652407458
"AaegL5_2",387133730,387148856,15127,6.23160395307021,5.94880585028131,6.39338828389356,-0.444582433612246,0.0885067875293908,0.373879139843782
"AaegL5_2",125689555,125707371,17817,5.44497738123063,5.14054954461307,5.61724017581134,-0.476690631198267,0.0888800309129515,0.374289819621001
"AaegL5_3",200713059,200741724,28666,6.50678943189801,6.70944090952741,6.35391891347383,0.355521996053582,0.090263185168615,0.378937706156786
"AaegL5_3",96243058,96332375,89318,8.6929570331949,8.45648704877418,8.83149221089401,-0.375005162119828,0.0908848684231986,0.380370004882276
"AaegL5_2",438512034,438521304,9271,4.72302630291379,4.3266931068813,4.93732775944881,-0.610634652567507,0.0922520588836711,0.383599533793802
"AaegL5_1",16385633,16399513,13881,5.75450686953834,5.99400560960029,5.56944562290342,0.42455998669687,0.0922864340756616,0.383599533793802
"AaegL5_2",48318842,48323728,4887,5.34896892098213,5.02901321129807,5.52861205146238,-0.499598840164308,0.0925051973086823,0.383599533793802
"AaegL5_3",290400399,290421793,21395,6.08292235337133,5.72353805506183,6.28079011259799,-0.557252057536161,0.0932464040682462,0.384500867252272
"AaegL5_2",424470222,424474025,3804,3.48476428836711,2.97648134316811,3.74534506874018,-0.768863725572067,0.0932896646946884,0.384500867252272
"AaegL5_3",173636299,174085241,448943,11.0812574561954,10.9046262927882,11.1880376001156,-0.283411307327377,0.0948211820371787,0.389628857098225
"AaegL5_3",153301264,153389558,88295,7.7047960086707,7.90287137697411,7.55581731625842,0.347054060715687,0.0956503505121973,0.391411043134226
"AaegL5_3",200030982,200041906,10925,5.80809333642532,5.53256638099443,5.96630237176808,-0.433735990773654,0.0958322023013001,0.391411043134226
"AaegL5_2",474409796,474421642,11847,6.90371385825381,7.18055967758778,6.68439555101696,0.496164126570824,0.0963805697023272,0.392468626175242
"AaegL5_2",87677597,87903875,226279,10.4733634200598,10.2929730057049,10.5821986012508,-0.289225595545879,0.0967975758204694,0.392986565307055
"AaegL5_2",101133662,101136420,2759,3.81589667749859,4.17775072349448,3.51179986181873,0.665950861675745,0.0972126243576275,0.393493488444606
"AaegL5_2",32983959,33002842,18884,5.00095389009933,5.34058684346721,4.71999464809666,0.620592195370549,0.0975483224649264,0.393677158519167
"AaegL5_2",248146734,248150134,3401,0.466616326796779,1.31712348674865,0,1.31712348674865,0.0987566785289802,0.395611240232802
"AaegL5_2",299926616,299937934,11319,4.75574439933391,4.28820549375543,5.00006543053208,-0.711859936776648,0.099513442663403,0.395611240232802
"AaegL5_3",175277856,175299375,21520,6.41269318374903,6.64476626790028,6.23424398617168,0.410522281728596,0.0995672007528857,0.395611240232802
"AaegL5_2",230282139,230308507,26369,5.86226242488934,6.12731841355185,5.65394295334052,0.473375460211336,0.0996026891307858,0.395611240232802
"AaegL5_1",271896215,271902321,6107,3.62628908707143,3.99994473304853,3.30960325489713,0.690341478151401,0.0997078676123402,0.395611240232802
"AaegL5_3",387157738,387166056,8319,3.71989986446341,4.04617725628021,3.45250301020425,0.59367424607596,0.0997780561649102,0.395611240232802
"AaegL5_3",143135778,143150184,14407,5.69833502291948,5.41335037926306,5.86118925470994,-0.447838875446879,0.100584618872295,0.396550277105064
"AaegL5_2",317950563,318469702,519140,11.1859386913857,11.0041817257388,11.2955188640306,-0.291337138291826,0.100599775312789,0.396550277105064
"AaegL5_2",107805655,107952326,146672,9.67363541380944,9.48852217027683,9.78504068210202,-0.296518511825195,0.103460114748148,0.40543441611947
"AaegL5_2",169091797,169096968,5172,4.35625145300995,4.6540568602308,4.11694301399314,0.53711384623766,0.103693270139738,0.40543441611947
"AaegL5_2",403562138,403588408,26271,6.40869415871439,6.16989384768622,6.54842582050726,-0.378531972821038,0.103887486854273,0.40543441611947
"AaegL5_2",649960,724389,74430,8.67839981702262,8.50068802772368,8.78577154589649,-0.285083518172806,0.104288702957737,0.40543441611947
"AaegL5_3",337157818,337188611,30794,7.45242081137273,7.11205549741497,7.64158853373627,-0.529533036321301,0.104548039627305,0.40543441611947
"AaegL5_3",370308559,370318406,9848,3.23434531575113,3.63905158163601,2.88349247375203,0.755559107883985,0.104647526284524,0.40543441611947
"AaegL5_2",14350121,14355712,5592,4.11061975155418,3.71309396782053,4.32544158965416,-0.612347621833639,0.105378174119417,0.405673283958464
"AaegL5_2",229905666,229917802,12137,5.90387248038607,6.13531116187835,5.72598520113034,0.409325960748017,0.105479078315951,0.405673283958464
"AaegL5_1",132140588,132368631,228044,9.69917399941531,9.53881125658282,9.79696450660135,-0.258153250018536,0.105606688228125,0.405673283958464
"AaegL5_1",272135388,272142260,6873,5.46000199489595,5.71309396782053,5.26266832699489,0.45042564082564,0.106785254660875,0.409041822938265
"AaegL5_3",309922303,309930080,7778,5.6376011771516,5.32634699067687,5.8131229497008,-0.486775959023929,0.108977304702309,0.41551664698782
"AaegL5_3",159322534,159418854,96321,8.00338729921547,8.19066006357883,7.86350597824832,0.327154085330502,0.109128973581767,0.41551664698782
"AaegL5_2",100578558,100583316,4759,4.44646091574504,4.05771606271006,4.65743669981549,-0.59972063710543,0.109394869450333,0.41551664698782
"AaegL5_2",183376668,183391685,15018,3.57131640187199,4.10317201844886,3.06251947558151,1.04065254286735,0.109986794642078,0.416598026633124
"AaegL5_1",104549410,104551735,2326,2.39449903822661,1.59221253915928,2.75556393669067,-1.16335139753138,0.111224840471276,0.420113882114347
"AaegL5_2",48273089,48284797,11709,5.50632723812113,5.73436369825838,5.33144552475592,0.402918173502458,0.111684855665356,0.420679623006173
"AaegL5_2",263027820,263034306,6487,5.23895155531469,4.97615043677912,5.39083799096294,-0.41468755418382,0.114028381489336,0.428113712430886
"AaegL5_3",149808463,149814461,5999,5.14258393636475,4.76290506771673,5.34955328658088,-0.586648218864147,0.114289943879042,0.428113712430886
"AaegL5_1",704364,735547,31184,6.18639747726763,6.41122555008723,6.01433790240311,0.396887647684117,0.115186328768683,0.429244941200363
"AaegL5_3",22072916,22104005,31090,6.01941427855135,6.24412406672336,5.84745852314982,0.396665543573543,0.115225043213077,0.429244941200363
"AaegL5_1",168972359,168998349,25991,6.54822044503265,6.34996002230322,6.6667122810318,-0.316752258728576,0.116281048656157,0.430209724810921
"AaegL5_3",171744448,171760001,15554,5.67236775724589,5.35910351310473,5.84884482322428,-0.489741310119549,0.116320276365266,0.430209724810921
"AaegL5_3",187876494,187943995,67502,9.09341244326933,8.9472065313888,9.18325066682737,-0.236044135438569,0.116435817850744,0.430209724810921
"AaegL5_2",32839217,32842667,3451,3.41391206101691,2.8762522548379,3.685825766997,-0.809573512159103,0.117103352503103,0.431332801204074
"AaegL5_2",125763615,125792499,28885,5.93601817555422,5.60827986249204,6.11931656577399,-0.511036703281956,0.117375961389604,0.431332801204074
"AaegL5_2",156781541,156784709,3169,3.70123649029903,4.0917888744851,3.36614982610909,0.725639048376002,0.118332417955222,0.432859762375288
"AaegL5_1",225763622,225766604,2983,2.71579921300465,3.15663832159298,2.32316523708671,0.833473084506276,0.118429920236897,0.432859762375288
"AaegL5_3",374228988,374238573,9586,4.22226998091838,3.83734194404334,4.43156346328714,-0.594221519243799,0.119145966489345,0.434157666977441
"AaegL5_3",327854769,328490511,635743,11.6254922458562,11.4457544341202,11.7339712681402,-0.28821683401998,0.11942537594586,0.434157666977441
"AaegL5_2",370807849,370814441,6593,3.69310547217694,3.17755885447945,3.95651826259195,-0.778959408112501,0.12079231902761,0.437224439117665
"AaegL5_1",283178535,283183905,5371,2.60701993746243,3.11386454610356,2.13183387784317,0.982030668260385,0.120913838251567,0.437224439117665
"AaegL5_3",254411092,254422309,11218,3.73490848120183,4.06916331250847,3.45944110800761,0.609722204500861,0.121488004746016,0.438132272435099
"AaegL5_2",170990611,170994616,4006,4.9359689216461,4.54454574615118,5.14812138340425,-0.603575637253072,0.122545658707111,0.438983882286345
"AaegL5_1",158449533,158455933,6401,4.24382448661999,4.63177014784363,3.91160608336866,0.720164064474966,0.12271011064475,0.438983882286345
"AaegL5_3",198232632,198257935,25304,6.38933588847675,6.58091426610455,6.2458436417632,0.335070624341354,0.122764525554899,0.438983882286345
"AaegL5_2",432715221,432722873,7653,5.13970120164734,4.78995169648391,5.33318251678804,-0.543230820304132,0.12330288932697,0.438983882286345
"AaegL5_3",274557843,274603636,45794,7.61718628764769,7.42224371545125,7.73389910356302,-0.311655388111767,0.12334281648311,0.438983882286345
"NIGP01002242",45629,50959,5331,2.66246641077519,3.06895644362445,2.30960325489713,0.75935318872732,0.123903596361175,0.439001167498791
"AaegL5_3",160113671,160164385,50715,8.30954829899917,8.11973210589296,8.42349997005225,-0.303767864159289,0.123995167516252,0.439001167498791
"AaegL5_1",73374050,73459779,85730,8.96809978429915,8.79787772404291,9.07135714560221,-0.273479421559307,0.124327195521972,0.439030409186964
"AaegL5_3",407009999,407336992,326994,10.0092342216916,9.80104482748917,10.1330125977107,-0.331967770221537,0.126559398997605,0.443979785637197
"AaegL5_1",105449580,105459637,10058,5.72305167967298,5.34966202062874,5.9272202785633,-0.577558257934558,0.127307109259357,0.443979785637197
"AaegL5_3",159910438,159919367,8930,5.45688070121965,5.71680382094094,5.25329583693556,0.463507984005377,0.127351100728672,0.443979785637197
"AaegL5_1",151429423,151454320,24898,5.71193219943401,5.96711154139545,5.51269438486975,0.454417156525699,0.12735549267075,0.443979785637197
"AaegL5_2",283041199,283170501,129303,8.38789161663169,8.23094555146419,8.48377401821185,-0.252828466747664,0.127365882457868,0.443979785637197
"AaegL5_2",285354867,285444779,89913,8.27765202735544,8.11688962076991,8.37566527440611,-0.258775653636198,0.128147209269834,0.445557989153575
"AaegL5_2",251191477,251205059,13583,5.10911417673923,4.83734194404334,5.26546641784326,-0.428124473799921,0.129358345280208,0.448618711508854
"AaegL5_2",217345730,217351049,5320,4.29414039853219,4.62388859338727,4.02324327290847,0.600645320478798,0.132005344003266,0.456539870346919
"AaegL5_3",57459609,57469783,10175,4.27365300357472,4.56100261850202,4.04438766370194,0.516614954800082,0.132315758883731,0.456539870346919
"AaegL5_2",120469782,120514707,44926,7.19661496424739,7.37279480383802,7.06594623973933,0.306848564098691,0.133285326900557,0.457199888465769
"AaegL5_3",374043424,374051004,7581,4.10334447673351,4.42684144213352,3.83873949244852,0.588101949684991,0.133330509021132,0.457199888465769
"AaegL5_2",137123409,137236165,112757,8.22279611186378,8.36432937602952,8.12008629839964,0.244243077629879,0.133689728075861,0.457199888465769
"AaegL5_2",225738950,225986416,247467,10.2434732492586,10.3574411581569,10.1621642016967,0.1952769564602,0.133855719558193,0.457199888465769
"AaegL5_3",34159375,34215284,55910,7.43046483116968,7.61032906265685,7.29675060971868,0.313578452938169,0.134492185018978,0.458000798616432
"AaegL5_3",244099080,244117563,18484,5.50917630085048,5.18302868960947,5.69172993906597,-0.508701249456498,0.134765721716782,0.458000798616432
"AaegL5_2",154559060,154611634,52575,7.36371233028136,7.16451911516592,7.48270319586953,-0.318184080703614,0.136107656553351,0.46140495571586
"AaegL5_2",268123602,268128750,5149,3.17024797956451,3.52850090351207,2.86995046643294,0.65855043707913,0.137465779516849,0.464846875373684
"AaegL5_2",186961628,186969291,7664,4.37940335592654,4.64643509619746,4.16925277497683,0.477182321220634,0.138491080978682,0.467149019420629
"AaegL5_3",10824429,10850239,25811,6.98624643493409,6.70187347099873,7.14880160765956,-0.446928136660826,0.139065406440934,0.46792231050597
"AaegL5_2",236120876,236499113,378238,10.4299603054117,10.2721391644806,10.5263320800757,-0.254192915595052,0.141114477796344,0.473641663098621
"AaegL5_3",67621834,67757897,136064,9.13087191013113,8.93939542724585,9.24571949176764,-0.306324064521794,0.141869403436321,0.47473715356409
"AaegL5_2",199390798,199413007,22210,6.1215134440812,6.35460265854356,5.94216324352379,0.412439415019774,0.142380879265783,0.47473715356409
"AaegL5_2",225330619,225364064,33446,7.23506824397313,7.3842755301431,7.12626968297617,0.258005847166931,0.143296631330133,0.47473715356409
"AaegL5_3",148325837,148328372,2536,2.01217321635429,2.46121475555906,1.60973391773167,0.851480837827383,0.143592453182166,0.47473715356409
"AaegL5_2",382383242,382391394,8153,4.37383368912505,4.6389122237508,4.16549334941024,0.473418874340561,0.143616410903006,0.47473715356409
"AaegL5_3",92245333,92249388,4056,2.41760984459153,1.82413508608417,2.7101994180757,-0.886064331991535,0.143955710317137,0.47473715356409
"AaegL5_2",360067054,360105495,38442,6.85828063247444,6.63716490054844,6.98885861816229,-0.351693717613843,0.144427946578909,0.47473715356409
"AaegL5_2",220402148,220409593,7446,5.01881995881226,5.27873407701246,4.81524336922042,0.463490707792039,0.144727385758,0.47473715356409
"AaegL5_3",163223895,163259106,35212,6.76835452632022,6.57694658705508,6.88316515247002,-0.306218565414936,0.145562870032509,0.47473715356409
"AaegL5_3",220152157,220371879,219723,10.2066754105059,10.075814441026,10.2877547858436,-0.211940344817563,0.145879355125635,0.47473715356409
"AaegL5_2",141635043,141656738,21696,6.61875270253786,6.41559411102019,6.73985946735789,-0.324265356337698,0.145902364290699,0.47473715356409
"AaegL5_2",471893166,472007311,114146,8.13327625388339,8.27435764165427,8.03092316347787,0.243434478176399,0.145907598835632,0.47473715356409
"AaegL5_2",87597757,87604764,7008,3.66613406592638,3.95150832101022,3.43875016901196,0.512758151998266,0.145992177755329,0.47473715356409
"AaegL5_1",190095,506839,316745,10.4350769319548,10.2362321268536,10.5538814614839,-0.317649334630294,0.146914735544207,0.475488710634601
"AaegL5_3",77370672,77403011,32340,6.45089056166243,6.62748361302091,6.31988098539307,0.307602627627848,0.146924608964526,0.475488710634601
"AaegL5_3",274666785,274681977,15193,5.73637801064346,5.49532704192657,5.87726247907649,-0.381935437149918,0.148526453375218,0.478072165787524
"AaegL5_3",130845103,130848701,3599,2.85905475270308,3.33619966828692,2.42206809298694,0.91413157529998,0.148993104775875,0.478072165787524
"AaegL5_3",224048463,224082474,34012,5.92968537485973,6.12173253197912,5.78579878566326,0.335933746315864,0.14904100575788,0.478072165787524
"NIGP01001970",2979,8671,5693,2.90257233722984,3.33619966828692,2.51845921846283,0.817740449824088,0.149453349173448,0.478072165787524
"AaegL5_2",6206817,6403424,196608,9.77549638962276,9.63228862643453,9.86363475489245,-0.231346128457913,0.149861734643364,0.478072165787524
"AaegL5_2",421597643,422148099,550457,11.0242613710286,10.8804667506923,11.1127329021952,-0.232266151502923,0.150122938821128,0.478072165787524
"AaegL5_2",250125830,250128118,2289,4.25025975784989,3.79685347719948,4.48878862565242,-0.691935148452943,0.150190813145638,0.478072165787524
"AaegL5_3",216259453,216270246,10794,3.71645858736039,4.0232461823418,3.46840743681102,0.554838745530779,0.151430794862541,0.480118635155058
"AaegL5_2",224933730,225042437,108708,7.85599020337281,8.02634567946488,7.73010701919392,0.296238660270967,0.15168189517727,0.480118635155058
"AaegL5_3",59621667,59624431,2765,2.48376129086631,2.02388667081268,2.72495109519693,-0.701064424384251,0.151895939883127,0.480118635155058
"AaegL5_2",214601108,214606136,5029,4.8219357138261,5.07475003186591,4.6248549325345,0.449895099331408,0.152700464760974,0.481539140036931
"AaegL5_2",228591031,229503293,912263,11.7345862467793,11.8559979449192,11.6475694256414,0.208428519277772,0.153671844060028,0.483396115043211
"AaegL5_1",160750453,160767012,16560,7.22096598074361,7.00138505134198,7.35074147075585,-0.349356419413869,0.15400230213766,0.483396115043211
"NIGP01002188",18745,27174,8430,3.89779026157292,4.30801593776927,3.54069982837883,0.767316109390443,0.154544121332607,0.483735917843666
"AaegL5_3",88139308,88143022,3715,4.98372599574462,4.66918064419621,5.16081089315744,-0.491630248961233,0.155509244146438,0.483735917843666
"AaegL5_1",160808262,161128816,320555,10.6288989714054,10.5149492172721,10.7001538813333,-0.185204664061212,0.156129426265793,0.483735917843666
"AaegL5_1",151288912,151306719,17808,5.27581402467744,5.51219953305636,5.09353273759344,0.418666795462919,0.156232606659499,0.483735917843666
"AaegL5_1",288629061,288765128,136068,9.02582668117056,8.86392852066388,9.12447238029094,-0.26054385962706,0.15623934510299,0.483735917843666
"AaegL5_2",245562601,245577476,14876,6.47754622112884,6.27859990608967,6.59640504716291,-0.317805141073235,0.156250982312335,0.483735917843666
"AaegL5_3",244013839,244019530,5692,4.46986998361694,4.74873725006913,4.24864831103617,0.500088939032968,0.157123683936609,0.48532964787709
"AaegL5_2",329075388,329124210,48823,8.07312932687925,7.82064545803505,8.2198280762275,-0.399182618192449,0.158168181223969,0.485732614758842
"AaegL5_2",244906249,244911508,5260,3.06510443826625,2.68441762882541,3.2725210134436,-0.588103384618191,0.158283745400414,0.485732614758842
"AaegL5_3",12984428,13032781,48354,5.66035684982227,5.87007712631145,5.50142939678621,0.36864772952524,0.15832877265738,0.485732614758842
"AaegL5_2",175227558,175232271,4714,3.36350566738382,3.69842590495439,3.08736105452402,0.611064850430367,0.158930095087557,0.485895555580985
"AaegL5_3",240216844,240656231,439388,11.0869975724358,10.911231528908,11.1933036148821,-0.282072085974157,0.159098544747756,0.485895555580985
"AaegL5_2",56538392,56543004,4613,3.98805357891719,4.23874351599611,3.79290459936039,0.445838916635722,0.159510936758281,0.48606029268366
"AaegL5_2",302280517,302291414,10898,5.30604278578345,5.52865134478457,5.1359286373186,0.39272270746597,0.160146984335264,0.486904284212149
"AaegL5_2",398915194,398928502,13309,5.39921388400694,5.64295653917251,5.21034467473647,0.432611864436049,0.160921061357631,0.48816321968892
"AaegL5_2",252795449,252862224,66776,7.86975828945335,8.01750960729617,7.76211939861416,0.255390208682012,0.163375157922602,0.494501594069303
"AaegL5_2",83754792,83833712,78921,8.50443582714286,8.35809602157301,8.59434983529423,-0.236253813721223,0.164222970810346,0.494940880918316
"AaegL5_2",253442461,253652394,209934,10.494349244405,10.3272056493784,10.5959058697918,-0.268700220413427,0.164250292340149,0.494940880918316
"AaegL5_2",243661739,243691219,29481,7.08118086736047,6.86184329597775,7.21082899432576,-0.34898569834801,0.164975781860038,0.496024745459449
"AaegL5_1",13299740,13304662,4923,4.63260293271096,4.88934410548934,4.43193692820611,0.457407177283235,0.16536610110609,0.496098303318271
"AaegL5_1",186873482,186881953,8472,5.29841743198927,5.05792454953711,5.4390162972402,-0.381091747703089,0.166043536602422,0.497030983737053
"AaegL5_3",243725143,243882133,156991,9.19231041029073,9.01086031740322,9.30172338257204,-0.290863065168816,0.167252615113958,0.497558565631374
"AaegL5_3",198947820,199001336,53517,7.74934346315052,7.92962246243274,7.61528550614517,0.314336956287567,0.167432242342573,0.497558565631374
"AaegL5_2",374678150,374682095,3946,2.95891320270174,3.27819731843752,2.69851793934966,0.579679379087859,0.167482904321376,0.497558565631374
"AaegL5_2",288413748,288422174,8427,4.46353424648337,4.75583855049724,4.22952756593387,0.526310984563368,0.16768751068845,0.497558565631374
"AaegL5_1",219132888,219625638,492751,10.9887927910091,10.8377814035717,11.0813440610514,-0.243562657479785,0.170386378240792,0.504462726843917
"AaegL5_3",185497990,185504057,6068,4.43311717982029,4.74186037833194,4.18314826307033,0.558712115261606,0.170790495322902,0.504557541738246
"AaegL5_2",228163151,228200182,37032,8.14285365765907,7.95562080620714,8.25540816751641,-0.299787361309265,0.172668214812839,0.508995868013498
"AaegL5_3",84450390,84485485,35096,6.9371996640626,6.67440356104837,7.08908359133527,-0.414680030286898,0.174090675008422,0.510981236651297
"AaegL5_2",321621785,321628256,6472,3.03906783511124,3.4958657617118,2.62724277717296,0.868622984538839,0.174163635958797,0.510981236651297
"AaegL5_2",154966525,154977902,11378,5.36746431022478,5.58888918053689,5.19838538396058,0.390503796576305,0.174472206909698,0.510981236651297
"AaegL5_2",154784167,154816531,32365,6.97882399384837,6.81572651683832,7.0781366995713,-0.262410182732978,0.175779532474855,0.513700530249791
"NIGP01000727",344667,349801,5135,2.36185898457329,2.82413508608417,1.94333726160654,0.880797824477631,0.178076099762274,0.516560195260077
"AaegL5_2",153060404,153072578,12175,5.86276245225838,6.09723811113113,5.68218095745513,0.415057153676004,0.178140346087039,0.516560195260077
"AaegL5_3",157483842,157489113,5272,4.88422526721724,4.60041170941651,5.04650677284738,-0.446095063430869,0.178145021544952,0.516560195260077
"AaegL5_2",282999733,283014382,14650,4.46569181527771,4.69842590495439,4.28665664006359,0.411769264890799,0.178408253740059,0.516560195260077
"AaegL5_1",208443948,208446120,2173,3.3082532347695,3.60799512370227,3.06706900960166,0.540926114100603,0.179787660951804,0.516560195260077
"AaegL5_3",225233257,225420444,187188,10.0462691889416,9.87262599936657,10.1514100014556,-0.278784002088981,0.17989851580433,0.516560195260077
"AaegL5_3",336371579,336376756,5178,5.87590100004655,5.60849337971067,6.0300857396015,-0.421592359890827,0.179990782732874,0.516560195260077
"AaegL5_3",165210217,165223501,13285,5.53454710577408,5.73788920859659,5.38108724642831,0.356801962168279,0.180040702899473,0.516560195260077
"AaegL5_1",153774537,154653702,879166,11.0044722596261,11.1184429473724,10.923161090977,0.195281856395358,0.180225459336359,0.516560195260077
"AaegL5_1",12665108,12670957,5850,1.98916792134577,1.46184514640131,2.25713023571177,-0.795285089310459,0.180992003584867,0.516560195260077
"AaegL5_2",274241611,274255582,13972,4.13763721732656,4.41775313439123,3.91523724240369,0.502515891987541,0.181027174847506,0.516560195260077
"AaegL5_3",253147160,253149607,2448,2.27252663562558,2.82462529487017,1.73549748806473,1.08912780680544,0.181671505730615,0.516560195260077
"AaegL5_2",133207080,133276927,69848,7.57869736909777,7.43986759250837,7.66434357840898,-0.224475985900616,0.182266574679503,0.516560195260077
"AaegL5_2",472265600,472763034,497435,10.7842860693586,10.6384864824261,10.8738942432283,-0.235407760802232,0.183334537395331,0.516560195260077
"AaegL5_3",167258576,167404568,145993,9.06413257198126,8.89996074137514,9.1640420533941,-0.264081312018954,0.183373491194389,0.516560195260077
"AaegL5_3",90702488,90728889,26402,7.22572029179428,7.00138505134198,7.35797743216727,-0.356592380825292,0.183438218154796,0.516560195260077
"NIGP01002135",3505,22328,18824,4.49528796147505,4.79735304250014,4.25184680559047,0.545506236909674,0.18359689750365,0.516560195260077
"AaegL5_3",142341243,142345437,4195,2.24514717294814,1.65433265245485,2.53677592568756,-0.882443273232713,0.183615054657343,0.516560195260077
"AaegL5_3",209929482,209938332,8851,5.58811991949212,5.8767250737913,5.3576561154892,0.519068958302095,0.184196633685146,0.516877777206339
"AaegL5_2",55657413,55664395,6983,3.01683293728275,3.40909758680532,2.67985627609512,0.729241310710202,0.1844902980589,0.516877777206339
"AaegL5_1",195168119,195182472,14354,3.57178556330494,3.04596706477314,3.83916958832146,-0.793202523548328,0.185717095372865,0.519242023351762
"AaegL5_2",175952909,175965348,12440,4.63140130093713,4.90858839037127,4.4117620218519,0.496826368519375,0.188485933483641,0.525032735483587
"AaegL5_1",252434854,252468303,33450,6.93900088354517,6.76610641480444,7.04373009075555,-0.277623675951111,0.189847423610525,0.525032735483587
"AaegL5_3",15834215,15854814,20600,6.85683466954008,6.66524349063909,6.97174408381391,-0.306500593174819,0.190036498903153,0.525032735483587
"AaegL5_2",18507107,18515146,8040,4.3316615402782,4.69882704682472,4.02192520459087,0.676901842233847,0.190299322708792,0.525032735483587
"AaegL5_3",374086980,374097044,10065,5.51233632277266,5.25887735608616,5.65952775795707,-0.40065040187091,0.190565917731588,0.525032735483587
"AaegL5_3",228861338,228867298,5961,4.19176109700165,3.8764886836844,4.36919060078312,-0.49270191709872,0.190818796025664,0.525032735483587
"AaegL5_3",30533470,30578510,45041,7.66497564527858,7.39430156566234,7.82078345825176,-0.426481892589424,0.191081053110812,0.525032735483587
"AaegL5_3",203973447,203982378,8932,2.70755594069871,2.19855861728384,2.96841612745524,-0.769857510171394,0.192693297117916,0.525032735483587
"NIGP01001949",56200,63556,7357,2.22508606907568,2.62360691892273,1.88116348537187,0.742443433550851,0.192878391177425,0.525032735483587
"AaegL5_1",156456054,157039693,583640,10.8845080183344,10.9911311214917,10.8087801750187,0.182350946473051,0.192881788263552,0.525032735483587
"AaegL5_1",221177874,221228857,50984,8.2789474986574,8.11341325365604,8.37961277288303,-0.266199519226989,0.192978105218694,0.525032735483587
"AaegL5_3",218841493,218852540,11048,6.15183801488565,5.93948029575139,6.27781921189628,-0.338338916144889,0.192982066699542,0.525032735483587
"AaegL5_3",283949215,283952836,3622,2.40643106496384,2.74121140070981,2.13042889423816,0.610782506471659,0.193146093160808,0.525032735483587
"AaegL5_3",380428642,380454746,26105,6.93190522931788,7.09716203377752,6.81018257777604,0.286979456001485,0.193208949119697,0.525032735483587
"AaegL5_3",257797196,257947959,150764,8.92158485755609,8.75384130424022,9.02347337947672,-0.269632075236501,0.194308213466613,0.526963874921454
